province,schools_primary_public,schools_primary_private,schools_primary_total,teachers_primary_public,teachers_primary_private,teachers_primary_total,pupils_primary_public,pupils_primary_private,pupils_primary_total,special_library_a,special_library_b,special_library_c,special_library_total,school_library_a,school_library_b,school_library_c,school_library_total,academic_library_a,academic_library_b,academic_library_c,academic_library_total,public_library_a,public_library_b,public_library_c,public_library_total,public_library_all,reading_fondness_level,tgm_pre_reading,tgm_reading,tgm_post_reading,completion_elementary,completion_junior_high,completion_senior_high,villages_primary,villages_junior_high,villages_senior_high,villages_vocational,villages_university,eys_male,eys_female,education_25plus_male,education_25plus_female,literacy_male,literacy_female,literacy_total
ACEH,3336.0,221.0,3557.0,47413.0,3358.0,50771.0,456582.0,42474.0,499056.0,2,1,4,7,1,17,131,149,8,3,7,18,1,19,42,62,236,59.23,54.24,58.7,61.92,99.08,94.55,74.46,3398,1468,753,206,113,14.31,14.63,53.12,49.76,99.44,98.41,98.92
SUMATERA UTARA,7982.0,1653.0,9635.0,92179.0,20945.0,113124.0,1117437.0,349159.0,1466596.0,6,3,2,11,13,56,84,153,11,5,4,20,3,13,38,54,238,59.36,54.29,58.91,61.99,98.75,94.35,74.43,5010,2339,1170,703,201,13.35,13.75,55.64,52.01,99.4,98.62,99.01
SUMATERA BARAT,3894.0,353.0,4247.0,43390.0,5607.0,48997.0,506442.0,75791.0,582233.0,1,2,2,5,33,81,203,317,9,2,5,16,2,21,37,60,398,59.42,54.55,58.15,63.16,95.81,90.65,68.64,1258,816,428,181,101,13.89,14.87,46.66,50.12,99.44,98.72,99.08
RIAU,3239.0,615.0,3854.0,44459.0,9965.0,54424.0,620356.0,148085.0,768441.0,2,1,1,4,128,58,41,227,4,9,4,17,4,15,12,31,279,58.59,53.34,57.72,61.9,98.09,90.52,67.79,1811,1221,639,264,78,13.34,13.71,46.88,44.22,99.47,98.51,99.0
JAMBI,2302.0,184.0,2486.0,27371.0,2606.0,29977.0,330014.0,37858.0,367872.0,2,–,–,2,1,7,63,71,2,2,15,19,2,13,45,60,152,57.77,53.28,56.82,60.89,97.76,89.35,66.62,1487,814,397,168,42,13.19,13.67,42.25,36.77,98.72,96.44,97.59
SUMATERA SELATAN,4247.0,497.0,4744.0,54307.0,6758.0,61065.0,788108.0,95912.0,884020.0,2,2,5,9,15,83,246,344,10,10,11,31,2,11,13,26,410,60.86,56.08,60.59,63.1,97.58,87.95,64.81,2999,1419,732,268,105,12.56,12.95,41.7,36.93,99.35,98.41,98.89
BENGKULU,1285.0,123.0,1408.0,15852.0,2021.0,17873.0,170787.0,23968.0,194755.0,1,–,1,2,5,10,9,24,6,–,–,6,2,7,27,36,68,57.74,53.02,57.25,60.27,97.1,89.25,63.41,1185,494,203,93,24,13.71,14.15,44.67,42.13,98.81,96.76,97.8
LAMPUNG,4282.0,462.0,4744.0,51247.0,6223.0,57470.0,709223.0,88642.0,797865.0,1,3,4,8,12,58,82,152,9,3,6,18,1,12,62,75,253,58.79,53.95,58.4,61.23,98.67,87.67,64.54,2532,1447,708,403,81,12.7,13.08,36.58,32.33,98.65,96.99,97.83
KEP. BANGKA BELITUNG,761.0,72.0,833.0,8489.0,1066.0,9555.0,140903.0,16672.0,157575.0,1,–,6,7,22,141,417,580,3,1,2,6,4,45,124,173,766,58,53.55,57.12,61.02,96.01,87.11,68.96,391,217,87,50,15,12.27,12.81,41.54,39.72,98.96,97.4,98.2
KEP. RIAU,683.0,301.0,984.0,9119.0,5058.0,14177.0,153243.0,74961.0,228204.0,2,2,–,4,2,10,20,32,4,1,1,6,1,7,26,34,76,59.33,54.1,58.27,62.89,97.92,95.51,78.97,409,252,136,62,36,13.1,13.57,65.4,60.08,99.74,99.18,99.46
DKI JAKARTA,1305.0,918.0,2223.0,22974.0,15697.0,38671.0,527062.0,211719.0,738781.0,28,20,6,54,70,75,403,548,27,13,2,42,10,18,43,71,715,57.23,51.41,55.61,61.89,98.66,95.85,88.1,264,254,219,209,128,13.65,13.91,71.89,64.7,99.81,99.61,99.71
JAWA BARAT,16936.0,2634.0,19570.0,174913.0,41699.0,216612.0,3902286.0,645996.0,4548282.0,19,10,7,36,80,105,762,947,43,29,18,90,14,22,20,56,1129,59.19,53.93,57.81,63.24,99.09,91.42,66.47,5946,4356,2255,2051,481,12.9,13.16,44.8,36.54,99.43,98.35,98.9
JAWA TENGAH,17140.0,1366.0,18506.0,148125.0,19434.0,167559.0,2253391.0,324853.0,2578244.0,12,6,6,24,464,492,843,1799,40,16,14,70,33,223,532,788,2681,57.11,52.18,55.87,60.84,98.42,90.64,58.35,8422,3701,1377,1185,294,12.96,13.15,33.21,28.74,97.1,93.36,95.2
DI YOGYAKARTA,1414.0,424.0,1838.0,14295.0,5856.0,20151.0,179962.0,83093.0,263055.0,5,6,3,14,442,119,390,951,26,15,15,56,18,37,74,129,1150,55.44,50.63,54.12,59.25,98.95,97.02,89.69,437,312,151,138,66,15.73,15.86,57.19,52.67,97.84,94.11,95.93
JAWA TIMUR,16790.0,2133.0,18923.0,153548.0,26765.0,180313.0,2079218.0,409530.0,2488748.0,9,3,9,21,542,348,1754,2644,54,24,27,105,21,248,246,515,3285,58.86,53.62,57.9,62.29,98.78,90.74,68.65,8442,4961,2620,1698,465,13.34,13.66,39.26,31.58,96.96,92.82,94.85
BANTEN,3852.0,818.0,4670.0,46294.0,13410.0,59704.0,1029801.0,209743.0,1239544.0,2,3,–,5,15,54,248,317,12,5,1,18,2,7,29,38,378,56.53,51.53,55.36,60.16,97.15,90.86,70.07,1546,1259,712,540,128,13.05,13.29,49.15,41.18,99.49,98.5,99.0
BALI,2250.0,160.0,2410.0,22012.0,2923.0,24935.0,335446.0,46178.0,381624.0,1,–,4,5,54,104,614,772,3,4,3,10,2,15,62,79,866,–,–,–,–,98.43,93.03,76.51,713,313,145,127,43,13.59,13.88,56.2,44.27,98.25,94.58,96.42
NUSA TENGGARA BARAT,3008.0,366.0,3374.0,43403.0,4024.0,47427.0,478528.0,46505.0,525033.0,1,1,–,2,6,22,109,137,3,1,7,11,3,7,15,25,175,61.19,56.04,60.04,64.85,98.11,92.95,63.66,1172,940,598,291,67,14.12,13.98,41.8,30.96,94.18,88.06,91.07
NUSA TENGGARA TIMUR,3431.0,1825.0,5256.0,39885.0,17121.0,57006.0,406044.0,235300.0,641344.0,1,1,2,4,–,2,16,18,3,2,5,10,–,3,21,24,56,62.05,55.84,61.42,65.38,93.41,82.48,43.46,3329,1720,687,346,62,13.33,13.57,35.95,32.87,96.52,95.34,95.92
KALIMANTAN BARAT,4138.0,318.0,4456.0,37167.0,3835.0,41002.0,487662.0,65001.0,552663.0,1,–,5,6,17,60,176,253,3,–,3,6,2,74,111,187,452,59.85,54.61,59.11,62.95,95.33,81.56,55.58,2080,1160,438,193,60,12.67,13.02,36.45,30.61,97.58,94.57,96.09
KALIMANTAN TENGAH,2410.0,242.0,2652.0,23654.0,2858.0,26512.0,230892.0,46196.0,277088.0,1,–,–,1,16,25,77,118,1,5,3,9,1,16,46,63,191,56.24,51.25,55.56,59.18,97.47,88.92,63.93,1546,803,280,124,23,12.89,12.78,38.94,34.47,99.48,98.86,99.18
KALIMANTAN SELATAN,2739.0,193.0,2932.0,27329.0,2547.0,29876.0,312010.0,37078.0,349088.0,2,2,3,7,24,46,227,297,4,1,12,17,10,12,41,63,384,57.1,51.92,56.02,60.69,95.99,88.19,68.35,1874,785,330,112,58,12.89,13.37,41.2,34.71,98.79,96.85,97.82
KALIMANTAN TIMUR,1668.0,287.0,1955.0,23251.0,4346.0,27597.0,352800.0,72773.0,425573.0,5,3,1,9,86,139,88,313,4,3,3,10,15,17,18,50,382,57.86,52.7,56.21,62.26,97.88,94.85,73.63,1002,560,251,153,48,13.89,14.23,57.95,49.68,99.38,98.52,98.96
KALIMANTAN UTARA,437.0,53.0,490.0,5457.0,713.0,6170.0,70049.0,10787.0,80836.0,1,1,–,2,2,2,20,24,–,1,–,1,–,1,6,7,34,58.89,53.58,57.73,62.65,96.41,88.08,59.5,317,160,64,29,12,13.01,13.74,47.43,44.8,98.67,97.56,98.14
SULAWESI UTARA,1350.0,861.0,2211.0,14623.0,5901.0,20524.0,136974.0,82176.0,219150.0,1,–,–,1,5,23,30,58,1,–,–,1,1,4,30,35,95,58.75,53.94,57.75,62.05,96.18,92.07,67.57,1565,719,249,181,61,12.81,13.53,49.27,50.6,99.8,99.8,99.8
SULAWESI TENGAH,2675.0,276.0,2951.0,27325.0,2308.0,29633.0,289530.0,29191.0,318721.0,–,–,3,3,4,13,27,44,2,3,2,7,–,5,42,47,101,59.51,54.1,58.88,62.54,97.56,90.05,55.69,1929,972,346,167,40,13.19,13.85,37.66,35.76,98.87,97.9,98.39
SULAWESI SELATAN,6067.0,401.0,6468.0,65370.0,5918.0,71288.0,800828.0,80037.0,880865.0,5,4,4,13,46,155,179,380,13,7,14,34,3,176,190,369,796,59.84,54.76,58.81,63.29,98.37,88.74,67.41,2975,1800,844,331,152,13.44,13.91,43.65,40.73,95.98,94.19,95.05
SULAWESI TENGGARA,2266.0,91.0,2357.0,28777.0,1089.0,29866.0,284912.0,15110.0,300022.0,1,–,3,4,6,32,37,75,2,4,3,9,6,20,43,69,157,58.64,53.43,57.8,61.86,97.83,89.55,68.28,1879,916,414,155,45,13.69,14.0,44.67,39.98,98.45,96.04,97.22
GORONTALO,896.0,36.0,932.0,8415.0,426.0,8841.0,103371.0,5377.0,108748.0,1,1,–,2,25,44,223,292,5,1,2,8,3,7,92,102,404,59.2,54.18,58.36,62.37,93.69,83.71,46.19,659,362,108,57,15,12.88,13.86,31.37,37.47,98.09,98.99,98.54
SULAWESI BARAT,1297.0,33.0,1330.0,15059.0,389.0,15448.0,138755.0,5314.0,144069.0,–,–,–,–,1,53,240,294,–,2,2,4,2,8,26,36,334,48.63,44.54,47.95,51.21,95.13,84.04,54.79,632,410,172,112,24,12.79,13.3,36.44,34.23,97.14,94.11,95.62
MALUKU,1311.0,533.0,1844.0,15402.0,3568.0,18970.0,148432.0,53782.0,202214.0,–,–,–,–,1,1,6,8,1,1,2,4,1,2,18,21,33,57.38,51.94,57.05,59.94,98.69,93.9,75.01,1112,624,276,104,43,13.93,14.46,56.38,54.61,99.6,99.1,99.35
MALUKU UTARA,1133.0,199.0,1332.0,12447.0,1323.0,13770.0,116699.0,21799.0,138498.0,1,–,–,1,–,10,66,76,1,2,–,3,–,14,36,50,130,60.66,55.61,60.26,63.2,98.3,93.46,64.61,1092,630,301,143,25,13.81,13.76,45.39,40.28,99.26,98.46,98.86
PAPUA BARAT,407.0,177.0,584.0,4322.0,1500.0,5822.0,46967.0,23216.0,70183.0,–,–,–,–,5,4,10,19,1,1,1,3,–,4,9,13,35,50.77,46.13,50.92,52.38,92.69,88.63,59.99,502,150,61,18,15,13.21,13.2,54.68,46.1,98.67,97.17,97.96
PAPUA BARAT DAYA,313.0,251.0,564.0,3823.0,1665.0,5488.0,37066.0,24331.0,61397.0,–,2,–,2,1,5,34,40,2,–,–,2,–,3,11,14,58,–,–,–,–,-,-,-,457,170,82,35,18,13.73,14.03,62.26,55.35,98.9,98.23,98.58
PAPUA,500.0,353.0,853.0,5051.0,2825.0,7876.0,68799.0,48911.0,117710.0,1,–,1,2,–,2,4,6,3,1,1,5,–,–,4,4,17,51.12,46.79,48.77,56.24,80.09,67.12,39.5,643,239,110,44,25,13.66,14.13,63.01,55.73,98.99,97.76,98.39
PAPUA SELATAN,381.0,235.0,616.0,3139.0,1637.0,4776.0,57928.0,38080.0,96008.0,–,–,–,–,–,–,–,–,–,1,–,1,–,–,–,–,1,–,–,–,–,-,-,-,544,113,38,24,10,12.92,12.56,45.76,37.8,97.11,93.31,95.27
PAPUA TENGAH,292.0,268.0,560.0,3370.0,2332.0,5702.0,72584.0,73386.0,145970.0,–,–,–,–,–,–,–,–,–,–,–,–,–,–,–,–,–,–,–,–,–,-,-,-,421,139,47,32,21,9.71,9.44,31.08,26.68,86.48,85.07,85.82
PAPUA PEGUNUNGAN,516.0,163.0,679.0,3604.0,1095.0,4699.0,109588.0,34402.0,143990.0,–,–,–,–,–,–,–,–,–,–,–,–,–,–,–,–,–,–,–,–,–,-,-,-,510,160,49,17,8,9.96,10.1,21.0,12.32,71.88,64.38,68.32
