province,schools_primary_public,schools_primary_private,schools_primary_total,teachers_primary_public,teachers_primary_private,teachers_primary_total,pupils_primary_public,pupils_primary_private,pupils_primary_total,special_library_a,special_library_b,special_library_c,special_library_total,school_library_a,school_library_b,school_library_c,school_library_total,academic_library_a,academic_library_b,academic_library_c,academic_library_total,public_library_a,public_library_b,public_library_c,public_library_total,public_library_all,reading_fondness_level,tgm_pre_reading,tgm_reading,tgm_post_reading,completion_elementary,completion_junior_high,completion_senior_high,villages_primary,villages_junior_high,villages_senior_high,villages_vocational,villages_university,eys_male,eys_female,education_25plus_male,education_25plus_female,literacy_male,literacy_female,literacy_total,region,facility_ratio_jhs,facility_ratio_shs,facility_ratio_vocational,facility_ratio_univ,school_density_primary,pupil_teacher_ratio,gap_eys,gap_literacy,gap_edu25plus,library_total_all,library_per_1000pupils,outcome_composite,eys_avg
ACEH,3336.0,221.0,3557.0,47413.0,3358.0,50771.0,456582.0,42474.0,499056.0,2.0,1.0,4.0,7.0,1.0,17.0,131.0,149.0,8.0,3.0,7.0,18.0,1.0,19.0,42.0,62.0,236.0,59.23,54.24,58.7,61.92,99.08,94.55,74.46,3398,1468,753,206,113,14.31,14.63,53.12,49.76,99.44,98.41,98.92,Sumatera,0.4320188346085933,0.22160094173042966,0.06062389640965274,0.03325485579752796,7.127456638132795,9.82954836422367,0.3200000000000003,-1.0300000000000011,-3.3599999999999994,410.0,0.8215510884550031,86.69,14.47
SUMATERA UTARA,7982.0,1653.0,9635.0,92179.0,20945.0,113124.0,1117437.0,349159.0,1466596.0,6.0,3.0,2.0,11.0,13.0,56.0,84.0,153.0,11.0,5.0,4.0,20.0,3.0,13.0,38.0,54.0,238.0,59.36,54.29,58.91,61.99,98.75,94.35,74.43,5010,2339,1170,703,201,13.35,13.75,55.64,52.01,99.4,98.62,99.01,Sumatera,0.4668662674650699,0.23353293413173654,0.1403193612774451,0.040119760479041915,6.569634718763723,12.964499133694,0.40000000000000036,-0.7800000000000011,-3.6300000000000026,422.0,0.28774113661840073,86.72,13.55
SUMATERA BARAT,3894.0,353.0,4247.0,43390.0,5607.0,48997.0,506442.0,75791.0,582233.0,1.0,2.0,2.0,5.0,33.0,81.0,203.0,317.0,9.0,2.0,5.0,16.0,2.0,21.0,37.0,60.0,398.0,59.42,54.55,58.15,63.16,95.81,90.65,68.64,1258,816,428,181,101,13.89,14.87,46.66,50.12,99.44,98.72,99.08,Sumatera,0.6486486486486487,0.34022257551669316,0.143879173290938,0.08028616852146264,7.294330620215618,11.883033655121743,0.9799999999999986,-0.7199999999999989,3.460000000000001,736.0,1.2640987371035308,83.86,14.379999999999999
RIAU,3239.0,615.0,3854.0,44459.0,9965.0,54424.0,620356.0,148085.0,768441.0,2.0,1.0,1.0,4.0,128.0,58.0,41.0,227.0,4.0,9.0,4.0,17.0,4.0,15.0,12.0,31.0,279.0,58.59,53.34,57.72,61.9,98.09,90.52,67.79,1811,1221,639,264,78,13.34,13.71,46.88,44.22,99.47,98.51,99.0,Sumatera,0.6742131419105467,0.35284373274434017,0.14577581446714521,0.04307012700165654,5.015349259084301,14.119524474496545,0.370000000000001,-0.9599999999999937,-2.6600000000000037,527.0,0.6858041150849578,83.39500000000001,13.525
JAMBI,2302.0,184.0,2486.0,27371.0,2606.0,29977.0,330014.0,37858.0,367872.0,2.0,0.0,0.0,2.0,1.0,7.0,63.0,71.0,2.0,2.0,15.0,19.0,2.0,13.0,45.0,60.0,152.0,57.77,53.28,56.82,60.89,97.76,89.35,66.62,1487,814,397,168,42,13.19,13.67,42.25,36.77,98.72,96.44,97.59,Sumatera,0.5474108944182918,0.26698049764626763,0.11297915265635508,0.02824478816408877,6.757785316631872,12.271808386429596,0.4800000000000004,-2.280000000000001,-5.479999999999997,244.0,0.6632741823242867,82.105,13.43
SUMATERA SELATAN,4247.0,497.0,4744.0,54307.0,6758.0,61065.0,788108.0,95912.0,884020.0,2.0,2.0,5.0,9.0,15.0,83.0,246.0,344.0,10.0,10.0,11.0,31.0,2.0,11.0,13.0,26.0,410.0,60.86,56.08,60.59,63.1,97.58,87.95,64.81,2999,1419,732,268,105,12.56,12.95,41.7,36.93,99.35,98.41,98.89,Sumatera,0.4731577192397466,0.2440813604534845,0.08936312104034679,0.03501167055685228,5.366394425465487,14.476705150249733,0.3899999999999988,-0.9399999999999977,-4.770000000000003,794.0,0.8981697246668627,81.85,12.754999999999999
BENGKULU,1285.0,123.0,1408.0,15852.0,2021.0,17873.0,170787.0,23968.0,194755.0,1.0,0.0,1.0,2.0,5.0,10.0,9.0,24.0,6.0,0.0,0.0,6.0,2.0,7.0,27.0,36.0,68.0,57.74,53.02,57.25,60.27,97.1,89.25,63.41,1185,494,203,93,24,13.71,14.15,44.67,42.13,98.81,96.76,97.8,Sumatera,0.41687763713080167,0.17130801687763714,0.07848101265822785,0.020253164556962026,7.22959615927704,10.89660381581156,0.4399999999999995,-2.049999999999997,-2.539999999999999,100.0,0.5134656363122898,80.60499999999999,13.93
LAMPUNG,4282.0,462.0,4744.0,51247.0,6223.0,57470.0,709223.0,88642.0,797865.0,1.0,3.0,4.0,8.0,12.0,58.0,82.0,152.0,9.0,3.0,6.0,18.0,1.0,12.0,62.0,75.0,253.0,58.79,53.95,58.4,61.23,98.67,87.67,64.54,2532,1447,708,403,81,12.7,13.08,36.58,32.33,98.65,96.99,97.83,Sumatera,0.5714849921011058,0.2796208530805687,0.15916271721958924,0.031990521327014215,5.945868035319258,13.883156429441447,0.3800000000000008,-1.6600000000000108,-4.25,431.0,0.5401916364297218,81.185,12.89
KEP. BANGKA BELITUNG,761.0,72.0,833.0,8489.0,1066.0,9555.0,140903.0,16672.0,157575.0,1.0,0.0,6.0,7.0,22.0,141.0,417.0,580.0,3.0,1.0,2.0,6.0,4.0,45.0,124.0,173.0,766.0,58.0,53.55,57.12,61.02,96.01,87.11,68.96,391,217,87,50,15,12.27,12.81,41.54,39.72,98.96,97.4,98.2,Sumatera,0.5549872122762148,0.22250639386189258,0.1278772378516624,0.03836317135549872,5.286371569094082,16.491365777080063,0.5400000000000009,-1.559999999999988,-1.8200000000000003,1359.0,8.624464540694907,83.58,12.54
KEP. RIAU,683.0,301.0,984.0,9119.0,5058.0,14177.0,153243.0,74961.0,228204.0,2.0,2.0,0.0,4.0,2.0,10.0,20.0,32.0,4.0,1.0,1.0,6.0,1.0,7.0,26.0,34.0,76.0,59.33,54.1,58.27,62.89,97.92,95.51,78.97,409,252,136,62,36,13.1,13.57,65.4,60.08,99.74,99.18,99.46,Sumatera,0.6161369193154034,0.33251833740831294,0.15158924205378974,0.08801955990220049,4.31193142977336,16.096776468928546,0.47000000000000064,-0.5599999999999881,-5.320000000000007,118.0,0.5170812080419274,89.215,13.335
DKI JAKARTA,1305.0,918.0,2223.0,22974.0,15697.0,38671.0,527062.0,211719.0,738781.0,28.0,20.0,6.0,54.0,70.0,75.0,403.0,548.0,27.0,13.0,2.0,42.0,10.0,18.0,43.0,71.0,715.0,57.23,51.41,55.61,61.89,98.66,95.85,88.1,264,254,219,209,128,13.65,13.91,71.89,64.7,99.81,99.61,99.71,Jawa,0.9621212121212122,0.8295454545454546,0.7916666666666666,0.48484848484848486,3.009010789394963,19.104264177290474,0.2599999999999998,-0.20000000000000284,-7.189999999999998,1359.0,1.8395167174033982,93.905,13.780000000000001
JAWA BARAT,16936.0,2634.0,19570.0,174913.0,41699.0,216612.0,3902286.0,645996.0,4548282.0,19.0,10.0,7.0,36.0,80.0,105.0,762.0,947.0,43.0,29.0,18.0,90.0,14.0,22.0,20.0,56.0,1129.0,59.19,53.93,57.81,63.24,99.09,91.42,66.47,5946,4356,2255,2051,481,12.9,13.16,44.8,36.54,99.43,98.35,98.9,Jawa,0.7325933400605449,0.37924655230406995,0.34493777329297004,0.08089471913891692,4.302723533853002,20.997368566838404,0.2599999999999998,-1.0800000000000125,-8.259999999999998,2202.0,0.4841388462720649,82.685,13.030000000000001
JAWA TENGAH,17140.0,1366.0,18506.0,148125.0,19434.0,167559.0,2253391.0,324853.0,2578244.0,12.0,6.0,6.0,24.0,464.0,492.0,843.0,1799.0,40.0,16.0,14.0,70.0,33.0,223.0,532.0,788.0,2681.0,57.11,52.18,55.87,60.84,98.42,90.64,58.35,8422,3701,1377,1185,294,12.96,13.15,33.21,28.74,97.1,93.36,95.2,Jawa,0.43944431251484206,0.1635003562099264,0.14070292092139633,0.03490857278556162,7.177753540782021,15.387081565299386,0.1899999999999995,-3.739999999999995,-4.470000000000002,4574.0,1.7740756887245739,76.775,13.055
DI YOGYAKARTA,1414.0,424.0,1838.0,14295.0,5856.0,20151.0,179962.0,83093.0,263055.0,5.0,6.0,3.0,14.0,442.0,119.0,390.0,951.0,26.0,15.0,15.0,56.0,18.0,37.0,74.0,129.0,1150.0,55.44,50.63,54.12,59.25,98.95,97.02,89.69,437,312,151,138,66,15.73,15.86,57.19,52.67,97.84,94.11,95.93,Jawa,0.7139588100686499,0.34553775743707094,0.3157894736842105,0.15102974828375287,6.987131968599723,13.05419085901444,0.129999999999999,-3.730000000000004,-4.519999999999996,2171.0,8.253026933531011,92.81,15.795
JAWA TIMUR,16790.0,2133.0,18923.0,153548.0,26765.0,180313.0,2079218.0,409530.0,2488748.0,9.0,3.0,9.0,21.0,542.0,348.0,1754.0,2644.0,54.0,24.0,27.0,105.0,21.0,248.0,246.0,515.0,3285.0,58.86,53.62,57.9,62.29,98.78,90.74,68.65,8442,4961,2620,1698,465,13.34,13.66,39.26,31.58,96.96,92.82,94.85,Jawa,0.5876569533285951,0.3103529969201611,0.20113717128642503,0.055081734186211796,7.603421479394459,13.802376977810807,0.3200000000000003,-4.140000000000001,-7.68,6055.0,2.4329502223608013,81.75,13.5
BANTEN,3852.0,818.0,4670.0,46294.0,13410.0,59704.0,1029801.0,209743.0,1239544.0,2.0,3.0,0.0,5.0,15.0,54.0,248.0,317.0,12.0,5.0,1.0,18.0,2.0,7.0,29.0,38.0,378.0,56.53,51.53,55.36,60.16,97.15,90.86,70.07,1546,1259,712,540,128,13.05,13.29,49.15,41.18,99.49,98.5,99.0,Jawa,0.814359637774903,0.46054333764553684,0.34928848641655885,0.08279430789133248,3.7675145053342196,20.76149001741927,0.23999999999999844,-0.9899999999999949,-7.969999999999999,718.0,0.5792452708415352,84.535,13.17
BALI,2250.0,160.0,2410.0,22012.0,2923.0,24935.0,335446.0,46178.0,381624.0,1.0,0.0,4.0,5.0,54.0,104.0,614.0,772.0,3.0,4.0,3.0,10.0,2.0,15.0,62.0,79.0,866.0,,,,,98.43,93.03,76.51,713,313,145,127,43,13.59,13.88,56.2,44.27,98.25,94.58,96.42,Bali-Nusra,0.43899018232819076,0.20336605890603085,0.17812061711079943,0.06030855539971949,6.315116449699181,15.304752356125928,0.2900000000000009,-3.6700000000000017,-11.93,1653.0,4.331488585623545,86.465,13.735
NUSA TENGGARA BARAT,3008.0,366.0,3374.0,43403.0,4024.0,47427.0,478528.0,46505.0,525033.0,1.0,1.0,0.0,2.0,6.0,22.0,109.0,137.0,3.0,1.0,7.0,11.0,3.0,7.0,15.0,25.0,175.0,61.19,56.04,60.04,64.85,98.11,92.95,63.66,1172,940,598,291,67,14.12,13.98,41.8,30.96,94.18,88.06,91.07,Bali-Nusra,0.8020477815699659,0.5102389078498294,0.24829351535836178,0.05716723549488054,6.4262627301522,11.070339679929154,-0.1399999999999988,-6.1200000000000045,-10.839999999999996,325.0,0.6190087099287093,77.365,14.05
NUSA TENGGARA TIMUR,3431.0,1825.0,5256.0,39885.0,17121.0,57006.0,406044.0,235300.0,641344.0,1.0,1.0,2.0,4.0,0.0,2.0,16.0,18.0,3.0,2.0,5.0,10.0,0.0,3.0,21.0,24.0,56.0,62.05,55.84,61.42,65.38,93.41,82.48,43.46,3329,1720,687,346,62,13.33,13.57,35.95,32.87,96.52,95.34,95.92,Bali-Nusra,0.5166716731751276,0.2063682787623911,0.10393511565034545,0.018624211474917392,8.19528989122842,11.250464863347718,0.2400000000000002,-1.1799999999999926,-3.0800000000000054,88.0,0.13721185510428102,69.69,13.45
KALIMANTAN BARAT,4138.0,318.0,4456.0,37167.0,3835.0,41002.0,487662.0,65001.0,552663.0,1.0,0.0,5.0,6.0,17.0,60.0,176.0,253.0,3.0,0.0,3.0,6.0,2.0,74.0,111.0,187.0,452.0,59.85,54.61,59.11,62.95,95.33,81.56,55.58,2080,1160,438,193,60,12.67,13.02,36.45,30.61,97.58,94.57,96.09,Kalimantan,0.5576923076923077,0.21057692307692308,0.09278846153846154,0.028846153846153848,8.062779668622651,13.478927857177698,0.34999999999999964,-3.010000000000005,-5.840000000000003,717.0,1.2973548075409427,75.83500000000001,12.844999999999999
KALIMANTAN TENGAH,2410.0,242.0,2652.0,23654.0,2858.0,26512.0,230892.0,46196.0,277088.0,1.0,0.0,0.0,1.0,16.0,25.0,77.0,118.0,1.0,5.0,3.0,9.0,1.0,16.0,46.0,63.0,191.0,56.24,51.25,55.56,59.18,97.47,88.92,63.93,1546,803,280,124,23,12.89,12.78,38.94,34.47,99.48,98.86,99.18,Kalimantan,0.5194049159120311,0.18111254851228978,0.08020698576972833,0.014877102199223804,9.570966624321516,10.451418225709112,-0.11000000000000121,-0.6200000000000045,-4.469999999999999,319.0,1.1512588058667281,81.555,12.835
KALIMANTAN SELATAN,2739.0,193.0,2932.0,27329.0,2547.0,29876.0,312010.0,37078.0,349088.0,2.0,2.0,3.0,7.0,24.0,46.0,227.0,297.0,4.0,1.0,12.0,17.0,10.0,12.0,41.0,63.0,384.0,57.1,51.92,56.02,60.69,95.99,88.19,68.35,1874,785,330,112,58,12.89,13.37,41.2,34.71,98.79,96.85,97.82,Kalimantan,0.41889007470651013,0.17609391675560299,0.05976520811099253,0.030949839914621132,8.399028325236044,11.684562859820591,0.47999999999999865,-1.940000000000012,-6.490000000000002,705.0,2.0195480795673295,83.085,13.129999999999999
KALIMANTAN TIMUR,1668.0,287.0,1955.0,23251.0,4346.0,27597.0,352800.0,72773.0,425573.0,5.0,3.0,1.0,9.0,86.0,139.0,88.0,313.0,4.0,3.0,3.0,10.0,15.0,17.0,18.0,50.0,382.0,57.86,52.7,56.21,62.26,97.88,94.85,73.63,1002,560,251,153,48,13.89,14.23,57.95,49.68,99.38,98.52,98.96,Kalimantan,0.5588822355289421,0.250499001996008,0.15269461077844312,0.04790419161676647,4.593806467985517,15.42098778852774,0.33999999999999986,-0.8599999999999994,-8.270000000000003,714.0,1.6777380143947103,86.29499999999999,14.06
KALIMANTAN UTARA,437.0,53.0,490.0,5457.0,713.0,6170.0,70049.0,10787.0,80836.0,1.0,1.0,0.0,2.0,2.0,2.0,20.0,24.0,0.0,1.0,0.0,1.0,0.0,1.0,6.0,7.0,34.0,58.89,53.58,57.73,62.65,96.41,88.08,59.5,317,160,64,29,12,13.01,13.74,47.43,44.8,98.67,97.56,98.14,Kalimantan,0.5047318611987381,0.20189274447949526,0.0914826498422713,0.03785488958990536,6.061655697956356,13.101458670988654,0.7300000000000004,-1.1099999999999994,-2.6300000000000026,61.0,0.7546142807659953,78.82,13.375
SULAWESI UTARA,1350.0,861.0,2211.0,14623.0,5901.0,20524.0,136974.0,82176.0,219150.0,1.0,0.0,0.0,1.0,5.0,23.0,30.0,58.0,1.0,0.0,0.0,1.0,1.0,4.0,30.0,35.0,95.0,58.75,53.94,57.75,62.05,96.18,92.07,67.57,1565,719,249,181,61,12.81,13.53,49.27,50.6,99.8,99.8,99.8,Sulawesi,0.4594249201277955,0.15910543130990415,0.11565495207667732,0.038977635782747606,10.088980150581794,10.677743129994154,0.7199999999999989,0.0,1.3299999999999983,155.0,0.7072781200091263,83.685,13.17
SULAWESI TENGAH,2675.0,276.0,2951.0,27325.0,2308.0,29633.0,289530.0,29191.0,318721.0,0.0,0.0,3.0,3.0,4.0,13.0,27.0,44.0,2.0,3.0,2.0,7.0,0.0,5.0,42.0,47.0,101.0,59.51,54.1,58.88,62.54,97.56,90.05,55.69,1929,972,346,167,40,13.19,13.85,37.66,35.76,98.87,97.9,98.39,Sulawesi,0.5038880248833593,0.1793675479523069,0.08657335406946605,0.020736132711249352,9.258881592364482,10.75561029932845,0.6600000000000001,-0.9699999999999989,-1.8999999999999986,155.0,0.4863187552749897,77.03999999999999,13.52
SULAWESI SELATAN,6067.0,401.0,6468.0,65370.0,5918.0,71288.0,800828.0,80037.0,880865.0,5.0,4.0,4.0,13.0,46.0,155.0,179.0,380.0,13.0,7.0,14.0,34.0,3.0,176.0,190.0,369.0,796.0,59.84,54.76,58.81,63.29,98.37,88.74,67.41,2975,1800,844,331,152,13.44,13.91,43.65,40.73,95.98,94.19,95.05,Sulawesi,0.6050420168067226,0.28369747899159664,0.11126050420168067,0.051092436974789913,7.342782378684589,12.356427449220066,0.47000000000000064,-1.7900000000000063,-2.9200000000000017,1223.0,1.3884079853325992,81.22999999999999,13.675
SULAWESI TENGGARA,2266.0,91.0,2357.0,28777.0,1089.0,29866.0,284912.0,15110.0,300022.0,1.0,0.0,3.0,4.0,6.0,32.0,37.0,75.0,2.0,4.0,3.0,9.0,6.0,20.0,43.0,69.0,157.0,58.64,53.43,57.8,61.86,97.83,89.55,68.28,1879,916,414,155,45,13.69,14.0,44.67,39.98,98.45,96.04,97.22,Sulawesi,0.4874933475252794,0.22032996274614156,0.08249068653539117,0.023948908994145823,7.8560905533594205,10.045603696511083,0.3100000000000005,-2.4099999999999966,-4.690000000000005,245.0,0.8166067821693076,82.75,13.844999999999999
GORONTALO,896.0,36.0,932.0,8415.0,426.0,8841.0,103371.0,5377.0,108748.0,1.0,1.0,0.0,2.0,25.0,44.0,223.0,292.0,5.0,1.0,2.0,8.0,3.0,7.0,92.0,102.0,404.0,59.2,54.18,58.36,62.37,93.69,83.71,46.19,659,362,108,57,15,12.88,13.86,31.37,37.47,98.09,98.99,98.54,Sulawesi,0.5493171471927162,0.1638846737481032,0.08649468892261002,0.02276176024279211,8.570272556736676,12.30041850469404,0.9799999999999986,0.8999999999999915,6.099999999999998,706.0,6.49207341744216,72.36500000000001,13.370000000000001
SULAWESI BARAT,1297.0,33.0,1330.0,15059.0,389.0,15448.0,138755.0,5314.0,144069.0,0.0,0.0,0.0,0.0,1.0,53.0,240.0,294.0,0.0,2.0,2.0,4.0,2.0,8.0,26.0,36.0,334.0,48.63,44.54,47.95,51.21,95.13,84.04,54.79,632,410,172,112,24,12.79,13.3,36.44,34.23,97.14,94.11,95.62,Sulawesi,0.6487341772151899,0.2721518987341772,0.17721518987341772,0.0379746835443038,9.231687594138918,9.326061626100467,0.5100000000000016,-3.030000000000001,-2.210000000000001,632.0,4.386786886838945,75.205,13.045
MALUKU,1311.0,533.0,1844.0,15402.0,3568.0,18970.0,148432.0,53782.0,202214.0,0.0,0.0,0.0,0.0,1.0,1.0,6.0,8.0,1.0,1.0,2.0,4.0,1.0,2.0,18.0,21.0,33.0,57.38,51.94,57.05,59.94,98.69,93.9,75.01,1112,624,276,104,43,13.93,14.46,56.38,54.61,99.6,99.1,99.35,Maluku-Papua,0.5611510791366906,0.24820143884892087,0.09352517985611511,0.03866906474820144,9.119052093326871,10.659673168160253,0.5300000000000011,-0.5,-1.7700000000000031,45.0,0.22253652071567745,87.18,14.195
MALUKU UTARA,1133.0,199.0,1332.0,12447.0,1323.0,13770.0,116699.0,21799.0,138498.0,1.0,0.0,0.0,1.0,0.0,10.0,66.0,76.0,1.0,2.0,0.0,3.0,0.0,14.0,36.0,50.0,130.0,60.66,55.61,60.26,63.2,98.3,93.46,64.61,1092,630,301,143,25,13.81,13.76,45.39,40.28,99.26,98.46,98.86,Maluku-Papua,0.5769230769230769,0.27564102564102566,0.13095238095238096,0.022893772893772892,9.617467400251268,10.057952069716775,-0.05000000000000071,-0.8000000000000114,-5.109999999999999,210.0,1.516267382922497,81.735,13.785
PAPUA BARAT,407.0,177.0,584.0,4322.0,1500.0,5822.0,46967.0,23216.0,70183.0,0.0,0.0,0.0,0.0,5.0,4.0,10.0,19.0,1.0,1.0,1.0,3.0,0.0,4.0,9.0,13.0,35.0,50.77,46.13,50.92,52.38,92.69,88.63,59.99,502,150,61,18,15,13.21,13.2,54.68,46.1,98.67,97.17,97.96,Maluku-Papua,0.29880478087649404,0.12151394422310757,0.035856573705179286,0.029880478087649404,8.32110340110853,12.054792167639986,-0.010000000000001563,-1.5,-8.579999999999998,57.0,0.8121624894917573,78.975,13.205
PAPUA BARAT DAYA,313.0,251.0,564.0,3823.0,1665.0,5488.0,37066.0,24331.0,61397.0,0.0,2.0,0.0,2.0,1.0,5.0,34.0,40.0,2.0,0.0,0.0,2.0,0.0,3.0,11.0,14.0,58.0,,,,,,,,457,170,82,35,18,13.73,14.03,62.26,55.35,98.9,98.23,98.58,Maluku-Papua,0.37199124726477023,0.17943107221006566,0.07658643326039387,0.03938730853391685,9.186116585500919,11.1875,0.29999999999999893,-0.6700000000000017,-6.909999999999997,102.0,1.6613189569522941,98.58,13.879999999999999
PAPUA,500.0,353.0,853.0,5051.0,2825.0,7876.0,68799.0,48911.0,117710.0,1.0,0.0,1.0,2.0,0.0,2.0,4.0,6.0,3.0,1.0,1.0,5.0,0.0,0.0,4.0,4.0,17.0,51.12,46.79,48.77,56.24,80.09,67.12,39.5,643,239,110,44,25,13.66,14.13,63.01,55.73,98.99,97.76,98.39,Maluku-Papua,0.37169517884914466,0.17107309486780714,0.06842923794712286,0.038880248833592534,7.246623056664684,14.94540375825292,0.47000000000000064,-1.2299999999999898,-7.280000000000001,30.0,0.2548636479483476,68.945,13.895
PAPUA SELATAN,381.0,235.0,616.0,3139.0,1637.0,4776.0,57928.0,38080.0,96008.0,0.0,0.0,0.0,0.0,0.0,0.0,0.0,0.0,0.0,1.0,0.0,1.0,0.0,0.0,0.0,0.0,1.0,,,,,,,,544,113,38,24,10,12.92,12.56,45.76,37.8,97.11,93.31,95.27,Maluku-Papua,0.20772058823529413,0.06985294117647059,0.04411764705882353,0.01838235294117647,6.416131989000917,20.10217755443886,-0.35999999999999943,-3.799999999999997,-7.960000000000001,2.0,0.020831597366886095,95.27,12.74
PAPUA TENGAH,292.0,268.0,560.0,3370.0,2332.0,5702.0,72584.0,73386.0,145970.0,0.0,0.0,0.0,0.0,0.0,0.0,0.0,0.0,0.0,0.0,0.0,0.0,0.0,0.0,0.0,0.0,0.0,,,,,,,,421,139,47,32,21,9.71,9.44,31.08,26.68,86.48,85.07,85.82,Maluku-Papua,0.33016627078384797,0.11163895486935867,0.07600950118764846,0.0498812351543943,3.836404740700144,25.599789547527184,-0.27000000000000135,-1.4100000000000108,-4.399999999999999,0.0,0.0,85.82,9.575
PAPUA PEGUNUNGAN,516.0,163.0,679.0,3604.0,1095.0,4699.0,109588.0,34402.0,143990.0,0.0,0.0,0.0,0.0,0.0,0.0,0.0,0.0,0.0,0.0,0.0,0.0,0.0,0.0,0.0,0.0,0.0,,,,,,,,510,160,49,17,8,9.96,10.1,21.0,12.32,71.88,64.38,68.32,Maluku-Papua,0.3137254901960784,0.09607843137254903,0.03333333333333333,0.01568627450980392,4.715605250364609,30.642689934028517,0.1399999999999988,-7.5,-8.68,0.0,0.0,68.32,10.030000000000001
